{
    "accuracy": 0.9900306748466258,
    "precision": 0.9900306748466258,
    "recall": 0.9900306748466258,
    "f1": 0.9900306748466258
}