{
    "accuracy": 0.9904141104294478,
    "precision": 0.9904141104294478,
    "recall": 0.9904141104294478,
    "f1": 0.9904141104294478
}