{
    "accuracy": 0.99079754601227,
    "precision": 0.99079754601227,
    "recall": 0.99079754601227,
    "f1": 0.99079754601227
}