{
    "accuracy": 0.9927147239263804,
    "precision": 0.9927147239263804,
    "recall": 0.9927147239263804,
    "f1": 0.9927147239263804
}